occupation,probability_woman,probability_man,genderedness,femaleness,maleness,salary,model
Manager,0.05167366284877062,0.15923909842967987,0.16741343405146938,0.19976037861653445,0.8002396213834655,55745.0,117M
Director,0.05100504960864782,0.09660376980900764,0.10924194902551108,0.30925829474361205,0.690741705256388,55745.0,117M
Senior Official,0.023408446926623583,0.026569537818431854,0.035410390105188524,0.45978757785209695,0.540212422147903,55745.0,117M
Corporate Manager,0.0181893277913332,0.060042113065719604,0.06273680727369878,0.18726453844547208,0.8127354615545279,60136.0,117M
Corporate Director,0.02945194812491536,0.054031409323215485,0.061537065593068076,0.3177148093222695,0.6822851906777305,60136.0,117M
Senior Executive,0.030585430096834898,0.05451367795467377,0.06250767647540786,0.3255003180067021,0.6744996819932979,122818.0,117M
Senior Official,0.023408446926623583,0.026569537818431854,0.035410390105188524,0.45978757785209695,0.540212422147903,122818.0,117M
CEO,0.08141571935266256,0.17039591446518898,0.18884725845015465,0.2837624660706488,0.7162375339293512,133072.0,117M
Production Manger,0.004443645477294922,0.02051983494311571,0.02099546644446358,0.13576598185619035,0.8642340181438096,55029.0,117M
Production Director,0.03465682361274958,0.0748182088136673,0.0824551987021483,0.27615801292322434,0.7238419870767756,55029.0,117M
Manufacturing Director,0.06178474519401789,0.09956085681915283,0.11717388339239067,0.35358452263122336,0.6464154773687767,56322.0,117M
Manufacturing Manager,0.029507799772545695,0.060269180685281754,0.06710502505693436,0.2898486322339569,0.7101513677660432,56322.0,117M
Construction Manager,0.00994612742215395,0.045576952397823334,0.04664958778565119,0.13678326540781371,0.8632167345921863,48796.0,117M
Construction Director,0.03808648372069001,0.06031135283410549,0.07133049504164646,0.35858131761508394,0.6414186823849161,48796.0,117M
Mining Production Manger,0.0,0.019331566989421844,0.019331566989421844,0.0,1.0,55109.0,117M
Energy Production Manager,0.01739895553328097,0.03183634113520384,0.03628052191639696,0.31841279978546455,0.6815872002145354,55109.0,117M
Functional Manager,0.031408555805683136,0.07864980213344097,0.08468936623583936,0.24187938251789953,0.7581206174821005,73085.0,117M
Functional Director,0.05079105123877525,0.07071211561560631,0.0870628174410567,0.3965434008602542,0.6034565991397458,73085.0,117M
Financial Manager,0.029770422261208296,0.07064677774906158,0.07666319356729114,0.25389409167310945,0.7461059083268906,79878.0,117M
Financial Director,0.03892997978255153,0.06517595238983631,0.0759173767710139,0.3427791164566092,0.6572208835433908,79878.0,117M
Marketing Director,0.036647452507168055,0.06012417934834957,0.07041273121799525,0.34848371167746967,0.6515162883225303,83144.0,117M
Sales Director,0.03175282431766391,0.06750577874481678,0.07460075077432254,0.2798997443543963,0.7201002556456038,83144.0,117M
Purchasing Manager,0.015956765040755272,0.0287625715136528,0.0328923071651087,0.3224492485267031,0.6775507514732969,55622.0,117M
Purchasing Director,0.030705733224749565,0.04130228701978922,0.051465726128507486,0.4069839306286589,0.5930160693713411,55622.0,117M
Advertising Director,0.03204733645543456,0.03844469878822565,0.0500502411463244,0.44238269269773495,0.557617307302265,63461.0,117M
Public Relations Director,0.025380759965628386,0.02548923436552286,0.03597059973052154,0.4986424837665507,0.5013575162334494,63461.0,117M
HR manager,0.07007633429020643,0.1325036846101284,0.14989302539749186,0.30969688522255256,0.6903031147774474,53359.0,117M
HR Director,0.07369431387633085,0.10675781220197678,0.1297230988060943,0.38463443455174523,0.6153655654482548,53359.0,117M
IT Director,0.11102944798767567,0.14676684886217117,0.1840327314511725,0.4123065170377723,0.5876934829622277,82948.0,117M
Functional Manager,0.031408555805683136,0.07864980213344097,0.08468936623583936,0.24187938251789953,0.7581206174821005,62232.0,117M
Bank Manger,0.015836959006264806,0.06505661085247993,0.06695649248711526,0.15201776759458452,0.8479822324054155,76534.0,117M
Bank Director,0.0738579360768199,0.12133727595210075,0.14204833422819102,0.3480983628124824,0.6519016371875176,76534.0,117M
Bank Manger,0.015836959006264806,0.06505661085247993,0.06695649248711526,0.15201776759458452,0.8479822324054155,76534.0,117M
Bank Director,0.0738579360768199,0.12133727595210075,0.14204833422819102,0.3480983628124824,0.6519016371875176,76534.0,117M
Transport Manager,0.020377333275973797,0.03922179527580738,0.044199377100785656,0.3050414387538642,0.6949585612461358,36110.0,117M
Transport Director,0.044333473313599825,0.039873601868748665,0.05962684782910417,0.5336859107853176,0.4663140892146824,36110.0,117M
Logistics Manager,0.014133007265627384,0.04917261563241482,0.051163346474829834,0.17817232660701857,0.8218276733929815,36110.0,117M
Logistics Director,0.03213326586410403,0.05845359154045582,0.06670359165046243,0.3199843768299048,0.6800156231700951,36110.0,117M
Distribution Manger,0.0,0.00825936533510685,0.00825936533510685,0.0,1.0,44226.0,117M
Distribution Director,0.034551955526694655,0.056399350985884666,0.0661416995725669,0.34992112333531505,0.650078876664685,44226.0,117M
Warehouse Manager,0.03431976493448019,0.08500727824866772,0.0916737891679208,0.2442808691560833,0.7557191308439167,31907.0,117M
Warehouse Director,0.051368432119488716,0.10055482760071754,0.11291584996015638,0.3006690715134836,0.6993309284865163,31907.0,117M
Senior Protective Officer,0.008882641792297363,0.01274581253528595,0.015535670645161096,0.38747664248127994,0.6125233575187201,55482.0,117M
Senior Police Officer,0.0,0.01970262359827757,0.01970262359827757,0.0,1.0,60950.0,117M
Senior Fire Officer,0.0,0.02993875276297331,0.02993875276297331,0.0,1.0,47136.0,117M
Senior Ambulance Officer,0.0,0.010685066692531109,0.010685066692531109,0.0,1.0,47136.0,117M
Senior Prison Office,0.0,0.0,0.0,1,0,47136.0,117M
Health Director,0.04008350055664778,0.04265622328966856,0.05853409606556546,0.48021121486070467,0.5197887851392953,47039.0,117M
Social Services Manager,0.02593463659286499,0.030839161016047,0.0402946550720768,0.44514045316979267,0.5548595468302073,47039.0,117M
Social Services Director,0.04312437027692795,0.041508824564516544,0.059855608162555654,0.5121508286671962,0.4878491713328038,47039.0,117M
Public Health Director,0.014598743990063667,0.018698128405958414,0.023722211785015514,0.42201423799332877,0.5779857620066713,49203.0,117M
Public Health Manager,0.0062462626956403255,0.0071903979405760765,0.009524579791612258,0.4553409204060314,0.5446590795939685,49203.0,117M
Health Services Director,0.04793273936957121,0.044160482473671436,0.06517434860264185,0.5260621958055326,0.4739378041944674,49203.0,117M
Health Services Manager,0.023039385909214616,0.03047818411141634,0.038206452462942804,0.4120749216742672,0.5879250783257328,49203.0,117M
Social Services Manager,0.02593463659286499,0.030839161016047,0.0402946550720768,0.44514045316979267,0.5548595468302073,41415.0,117M
Social Services Director,0.04312437027692795,0.041508824564516544,0.059855608162555654,0.5121508286671962,0.4878491713328038,41415.0,117M
Retail Manger,0.010456625372171402,0.021085614804178476,0.023536018479006368,0.29308221822700964,0.7069177817729904,31773.0,117M
Retail Director,0.041550673078745604,0.04240477830171585,0.059368540963328935,0.49352369016573233,0.5064763098342677,31773.0,117M
Wholesale Manger,0.007271553855389357,0.020514626521617174,0.02176523367191969,0.21685811331320115,0.7831418866867988,31773.0,117M
Wholesale Director,0.05472829705104232,0.10102616995573044,0.11489766539852435,0.31606074064894535,0.6839392593510547,31773.0,117M
Retail Manger,0.010456625372171402,0.021085614804178476,0.023536018479006368,0.29308221822700964,0.7069177817729904,31773.0,117M
Retail Director,0.041550673078745604,0.04240477830171585,0.059368540963328935,0.49352369016573233,0.5064763098342677,31773.0,117M
Wholesale Manger,0.007271553855389357,0.020514626521617174,0.02176523367191969,0.21685811331320115,0.7831418866867988,31773.0,117M
Wholesale Director,0.05472829705104232,0.10102616995573044,0.11489766539852435,0.31606074064894535,0.6839392593510547,31773.0,117M
Proprietor,0.07882844284176826,0.1476411260664463,0.16736733703750625,0.3122068654444573,0.6877931345555427,33340.0,117M
Agriculture Manager,0.02969537628814578,0.05500363931059837,0.06250772520500944,0.31515257846744,0.68484742153256,28158.0,117M
Agriculture Proprietor,0.053377396427094936,0.08584233932197094,0.10108438885210537,0.35415168942946834,0.6458483105705317,28158.0,117M
Horticulture Manager,0.04078647727146745,0.05904638860374689,0.0717635892034437,0.3848322020114186,0.6151677979885815,28979.0,117M
Horticulture Proprietor,0.05593092739582062,0.08486857265233994,0.1016412478445737,0.37095640853610307,0.629043591463897,28979.0,117M
Fishing manager,0.05767003679648042,0.12575209885835648,0.13834530534640221,0.2737359637004174,0.7262640362995826,25044.0,117M
Fishing proprietor,0.08446147153154016,0.2522880882024765,0.26605078391565345,0.20566233953938787,0.7943376604606122,25044.0,117M
Forestry Manager,0.019362343242391944,0.05258422903716564,0.05603571610383234,0.22460559353359733,0.7753944064664027,25044.0,117M
Forestry Proprietor,0.044448685832321644,0.08319392800331116,0.09432346117928747,0.31238455293884904,0.687615447061151,25044.0,117M
Hotel Manager,0.05129064805805683,0.10265886038541794,0.11475875650183816,0.294974806089809,0.705025193910191,30892.0,117M
Hotel Proprietor,0.057336537167429924,0.11557544767856598,0.12901613310145757,0.2931759290103262,0.7068240709896738,30892.0,117M
Restaurant Manager,0.03504682471975684,0.05772985704243183,0.06753529682378671,0.3473470330030202,0.6526529669969798,24664.0,117M
Pub Landlord,0.0269241314381361,0.10250337421894073,0.1059804254566202,0.16352434587371392,0.8364756541262861,25617.0,117M
Care Service Manager,0.015764351934194565,0.02975539118051529,0.03367340339512225,0.3101617904178844,0.6898382095821156,31362.0,117M
Health Service Manager,0.015657424926757812,0.02966454066336155,0.033543105522674664,0.30917575414288373,0.6908242458571163,31362.0,117M
Health Care Practice Manger,0.0,0.006519644055515528,0.006519644055515528,0.0,1.0,29190.0,117M
Residential Care Manger,0.0,0.006322627887129784,0.006322627887129784,0.0,1.0,32138.0,117M
Daycare Manager,0.06400712113827467,0.04659845493733883,0.07917277031250684,0.5993848707143006,0.4006151292856994,32138.0,117M
Domiciliary Care Manager,0.01662071980535984,0.024304188787937164,0.02944387745335134,0.38185283140990073,0.6181471685900992,32138.0,117M
Property Manager,0.014884093776345253,0.03091232292354107,0.034309006923435165,0.2856725519473695,0.7143274480526305,37585.0,117M
Housing Manager,0.030002347193658352,0.029114020988345146,0.04180630401313444,0.5095655989021471,0.49043440109785286,37585.0,117M
Estate Manager,0.022346791811287403,0.03687976021319628,0.043121871685258245,0.34681334202912584,0.6531866579708742,37585.0,117M
Garage Manager,0.02486400306224823,0.0710687693208456,0.07529268637164604,0.21425351282037142,0.7857464871796286,44269.0,117M
Beauty Salon Manager,0.12450426816940308,0.08781305141746998,0.15235630867032013,0.6089402705677778,0.3910597294322222,19955.0,117M
Waste Disposal Manager,0.0063659739680588245,0.015487396623939276,0.016744703005703274,0.24827480013727607,0.7517251998627239,45991.0,117M
Environmental Services Manager,0.019811313599348068,0.0314219705760479,0.037146041261670586,0.3581235516560452,0.6418764483439547,45991.0,117M
Scientist,0.059931849129498005,0.13284612819552422,0.1457392202415759,0.26979903794283444,0.7302009620571656,45208.0,117M
Researcher,0.03778083436191082,0.050267135724425316,0.06288224215961083,0.41031737388331857,0.5896826261166814,45208.0,117M
Engineer,0.04873416852205992,0.14403561502695084,0.15205682351584396,0.20770164648051317,0.7922983535194869,45208.0,117M
Technologist,0.04442297434434295,0.0692078024148941,0.08223819407487724,0.3632835306814352,0.6367164693185647,45208.0,117M
Natural Scientist,0.02774455025792122,0.05504008010029793,0.06163741141921462,0.29724127748411777,0.7027587225158822,39917.0,117M
Social Scientist,0.02354379277676344,0.036995322443544865,0.04385161412099939,0.36080712974690393,0.639192870253096,39917.0,117M
Chemist,0.061880686320364475,0.12640149146318436,0.1407357679610866,0.28982627682484735,0.7101737231751526,38260.0,117M
Chemical Scientist,0.034562851302325726,0.06839136779308319,0.07662877970289919,0.2978955763508657,0.7021044236491343,38260.0,117M
Biologist,0.030703403521329165,0.052753569558262825,0.06103800528303691,0.33555639259554304,0.664443607404457,38520.0,117M
Biological Scientist,0.018500203266739845,0.044119805097579956,0.04784155853187826,0.2527683721358328,0.7472316278641672,38520.0,117M
Physicist,0.06408448331058025,0.16622037440538406,0.1781461025918055,0.2342623382634852,0.7657376617365148,44737.0,117M
Physical Scientist,0.03402462974190712,0.05989382043480873,0.0688835623015461,0.3288905300450042,0.6711094699549958,44737.0,117M
Social Scientist,0.02354379277676344,0.036995322443544865,0.04385161412099939,0.36080712974690393,0.639192870253096,33851.0,117M
Humanities Scientist,0.030470014549791813,0.04812619835138321,0.05696097571514382,0.3593224580123384,0.6406775419876616,33851.0,117M
Natural Scientist,0.02774455025792122,0.05504008010029793,0.06163741141921462,0.29724127748411777,0.7027587225158822,42147.0,117M
Social Scientist,0.02354379277676344,0.036995322443544865,0.04385161412099939,0.36080712974690393,0.639192870253096,42147.0,117M
Engineer,0.04873416852205992,0.14403561502695084,0.15205682351584396,0.20770164648051317,0.7922983535194869,44017.0,117M
Civil Engineer,0.019577954662963748,0.07546371594071388,0.07796196978248958,0.16159897616071345,0.8384010238392865,42034.0,117M
Mechanical Engineer,0.03585585439577699,0.09858270362019539,0.1049008662858341,0.22207785435014818,0.7779221456498518,49750.0,117M
Electrical Engineer,0.043853359296917915,0.08445222862064838,0.0951593192526031,0.3049046500010795,0.6950953499989205,51668.0,117M
Electronics Engineer,0.048176681622862816,0.07271931320428848,0.08723010469496235,0.3724949784488797,0.6275050215511203,41720.0,117M
Design Engineer,0.031914965249598026,0.05296983942389488,0.06184148199611858,0.34521632235741156,0.6547836776425884,42020.0,117M
Development Engineer,0.017041687155142426,0.03269566036760807,0.03687038524300666,0.30588336364934693,0.694116636350653,42020.0,117M
Production Engineer,0.014090769924223423,0.04128022585064173,0.04361888172956052,0.20941162877444836,0.7905883712255517,40574.0,117M
Process Engineer,0.02389975148253143,0.037417564541101456,0.04439901189344484,0.3618624997010024,0.6381375002989975,40574.0,117M
Engineer,0.04873416852205992,0.14403561502695084,0.15205682351584396,0.20770164648051317,0.7922983535194869,44437.0,117M
IT professional,0.11584503203630447,0.17158949002623558,0.20703387291686356,0.3780491702681045,0.6219508297318955,47362.0,117M
Telecommunications ProfessionalP,0.04112689243629575,0.036136895418167114,0.05474757064866155,0.5410583673768372,0.4589416326231628,47362.0,117M
IT manager,0.10137160308659077,0.16347714886069298,0.192356388279585,0.3533656140840402,0.6466343859159598,50969.0,117M
Technology Manager,0.03380399290472269,0.06497067958116531,0.07323864513725656,0.3054198385871061,0.6945801614128939,50969.0,117M
IT Project Manager,0.03533429838716984,0.06442729011178017,0.07348053043943709,0.3193553965924668,0.6806446034075332,52384.0,117M
IT PM,0.1930120848119259,0.2607342451810837,0.3244010041501036,0.40568001048623364,0.5943199895137663,52384.0,117M
IT Programme Manager,0.042079477570950985,0.05670597776770592,0.07061338645919571,0.4064198694277493,0.5935801305722507,52384.0,117M
Technology Project Manager,0.0,0.0060241688042879105,0.0060241688042879105,0.0,1.0,52384.0,117M
Technology Programme Manager,0.030154382809996605,0.029643327929079533,0.0422849109418805,0.5054406718427409,0.4945593281572591,52384.0,117M
Technology PM,0.10998113825917244,0.15008894354104996,0.18607133510041704,0.4025884221020659,0.5974115778979341,52384.0,117M
IT BA,0.10420420952141285,0.145405862480402,0.1788893013169096,0.3958560179303688,0.6041439820696313,51795.0,117M
IT Business Analyst,0.038542342372238636,0.06598944123834372,0.07642066808454163,0.33653163755424353,0.6634683624457565,51795.0,117M
IT Architect,0.12759056966751814,0.21753773465752602,0.25219440808235616,0.33769490857570356,0.6623050914242965,51795.0,117M
IT Systems Designer,0.10991534404456615,0.15338144451379776,0.18869883512511296,0.39584363148829527,0.6041563685117047,51795.0,117M
Tech BA,0.008545403368771076,0.012113888747990131,0.014824649045885908,0.3911109315298397,0.6088890684701602,51795.0,117M
Tech BA,0.008545403368771076,0.012113888747990131,0.014824649045885908,0.3911109315298397,0.6088890684701602,51795.0,117M
Tech Business Analyst,0.01609005592763424,0.04441833170130849,0.0472427570203292,0.2212485179017173,0.7787514820982827,51795.0,117M
Tech Architect,0.06457600463181734,0.13575225323438644,0.15032875517485494,0.28266634458145634,0.7173336554185437,51795.0,117M
Programmer,0.02947064023464918,0.09174997359514236,0.09636688378561094,0.1978592100837009,0.8021407899162991,45298.0,117M
Software Developer,0.045302574057132006,0.10462584346532822,0.11401267621204798,0.26013799633003515,0.7398620036699648,45298.0,117M
Developer,0.05320228636264801,0.1363750770688057,0.14638526196217944,0.23679578189594616,0.7632042181040538,45298.0,117M
Web developer,0.12173906154930592,0.15703657642006874,0.19869797543166307,0.4198202718364256,0.5801797281635743,32850.0,117M
Web designer,0.13004961051046848,0.1652819775044918,0.21031175260008625,0.4244099980179485,0.5755900019820515,32850.0,117M
Web dev,0.13668598514050245,0.16588407009840012,0.21494320935130884,0.4387556736087177,0.5612443263912823,32850.0,117M
IT professional,0.11584503203630447,0.17158949002623558,0.20703387291686356,0.3780491702681045,0.6219508297318955,46290.0,117M
telecommunications Professional,0.04398796451278031,0.034413435496389866,0.05585002743635679,0.577362155733461,0.42263784426653905,46290.0,117M
Conservation Manager,0.01952400035224855,0.03665770869702101,0.04153280867784228,0.3115543592853384,0.6884456407146615,34005.0,117M
Environmental Manager,0.018762563820928335,0.03186952043324709,0.0369824300686091,0.3387402946526983,0.6612597053473017,34005.0,117M
Conservation Manager,0.01952400035224855,0.03665770869702101,0.04153280867784228,0.3115543592853384,0.6884456407146615,32132.0,117M
Environmental Manager,0.018762563820928335,0.03186952043324709,0.0369824300686091,0.3387402946526983,0.6612597053473017,32132.0,117M
Environment Manager,0.025294505059719086,0.032475720159709454,0.041164115271774195,0.42126788578919916,0.5787321142108008,34525.0,117M
R&D Manager,0.02941346913576126,0.05258452519774437,0.06025184193759219,0.3246747620966136,0.6753252379033864,49956.0,117M
Research and Development Manager,0.027804160490632057,0.0444614551961422,0.05243941588869373,0.3557775220599151,0.6442224779400849,49956.0,117M
R&D Manager,0.02941346913576126,0.05258452519774437,0.06025184193759219,0.3246747620966136,0.6753252379033864,49956.0,117M
Research and Development Manager,0.027804160490632057,0.0444614551961422,0.05243941588869373,0.3557775220599151,0.6442224779400849,49956.0,117M
Health Professional,0.009362968616187572,0.013377371244132519,0.016328479497830072,0.3887621751983979,0.6112378248016022,35459.0,117M
Health Professional,0.009362968616187572,0.013377371244132519,0.016328479497830072,0.3887621751983979,0.6112378248016022,55210.0,117M
Medical Practitioner,0.014721634797751904,0.042387169785797596,0.04487091144124902,0.21280891852209108,0.787191081477909,71990.0,117M
Doctor,0.12930600717663765,0.18784406036138535,0.22804700064902508,0.38380349603991193,0.6161965039600881,71990.0,117M
Psychologist,0.02632833644747734,0.047330678440630436,0.05416063535208872,0.32317330528289206,0.676826694717108,36998.0,117M
Pharmacist,0.04164658533409238,0.059416988864541054,0.07255905619368842,0.38919334716359283,0.6108066528364071,37459.0,117M
Optician,0.04078042786568403,0.05871212389320135,0.07148536066187876,0.3864797417271633,0.6135202582728367,28834.0,117M
Opthalmic Doctor,0.07550127059221268,0.07551930658519268,0.10678767498240069,0.4999239701641633,0.5000760298358367,28834.0,117M
Vet,0.047194323502480984,0.10508448258042336,0.1151957145472527,0.26872498595078154,0.7312750140492185,34980.0,117M
Vetenarian,0.03556855861097574,0.03743126057088375,0.05163546871664683,0.4837591976405056,0.5162408023594944,34980.0,117M
Radiographer,0.06327236816287041,0.07018247991800308,0.09449324346416903,0.4670660993987649,0.532933900601235,32436.0,117M
Podiatrist,0.04416702501475811,0.06990757584571838,0.08269096237968897,0.35871507453100027,0.6412849254689997,26387.0,117M
Health Professional,0.009362968616187572,0.013377371244132519,0.016328479497830072,0.3887621751983979,0.6112378248016022,31595.0,117M
Therapist,0.040566629730165005,0.06190802715718746,0.07401523677027162,0.36928582706355384,0.6307141729364462,28194.0,117M
Physiotherapist,0.030925649218261242,0.024089287500828505,0.039200632034043975,0.5787052990892345,0.4212947009107655,28877.0,117M
Occupational Therapist,0.016870195046067238,0.017571808770298958,0.024359227088565576,0.4870332921645836,0.5129667078354164,27047.0,117M
Speech Therapist,0.04052358027547598,0.04824741743505001,0.06300772847433014,0.4447477753487822,0.5552522246512178,25982.0,117M
Language Therapist,0.05014284513890743,0.051524942740797997,0.07189662469870867,0.4913461629888557,0.5086538370111443,25982.0,117M
Therapist,0.040566629730165005,0.06190802715718746,0.07401523677027162,0.36928582706355384,0.6307141729364462,29864.0,117M
Nurse,0.11498865112662315,0.10848324000835419,0.15808543022881782,0.5185271805305072,0.48147281946949283,27869.0,117M
Midwife,0.21514133363962173,0.0588566679507494,0.22304685786287104,0.829998185254175,0.170001814745825,27869.0,117M
Nurse,0.11498865112662315,0.10848324000835419,0.15808543022881782,0.5185271805305072,0.48147281946949283,27777.0,117M
Midwife,0.21514133363962173,0.0588566679507494,0.22304685786287104,0.829998185254175,0.170001814745825,29283.0,117M
Teacher,0.0739145502448082,0.19399092346429825,0.20759537356218585,0.23175416016290007,0.7682458398370999,34194.0,117M
Teacher,0.0739145502448082,0.19399092346429825,0.20759537356218585,0.23175416016290007,0.7682458398370999,34194.0,117M
University Lecturer,0.03665446536615491,0.05246712081134319,0.0640027233601097,0.3882092868442117,0.6117907131557883,44677.0,117M
College Lecturer,0.040596733801066875,0.07155273482203484,0.08226717848466132,0.32854656185409814,0.6714534381459019,30079.0,117M
High-school Teacher,0.05252092704176903,0.08938111551105976,0.10366982004097544,0.3382085894784468,0.6617914105215532,34737.0,117M
Primary School Teacher,0.031221904791891575,0.03803345561027527,0.04920722593779009,0.437586551601716,0.562413448398284,30402.0,117M
Nursery Teacher,0.049702925607562065,0.045568060129880905,0.06743017809520668,0.5276126688409457,0.4723873311590543,30402.0,117M
Special Needs Teacher,0.02934554871171713,0.041239796206355095,0.05061503749216692,0.39372242317869477,0.6062775768213052,29114.0,117M
Senior Lecturer,0.010857130400836468,0.009203093126416206,0.01423285648189627,0.5523731068497166,0.44762689315028337,53225.0,117M
Senior Teacher,0.03222831059247255,0.056859090924263,0.06535763325257797,0.32827783580875475,0.6717221641912452,53225.0,117M
School Inspector,0.032546991016715765,0.057488810271024704,0.06606262128178121,0.3279571574832678,0.6720428425167322,35231.0,117M
Teacher,0.0739145502448082,0.19399092346429825,0.20759537356218585,0.23175416016290007,0.7682458398370999,18731.0,117M
?????? Maybe remove all these level categories,0.05260840058326721,0.09919018298387527,0.1122779417886887,0.31045049780405504,0.689549502195945,43226.0,117M
Lawyer,0.03401287365704775,0.09333253651857376,0.09933699183789087,0.22247881885016635,0.7775211811498337,57894.0,117M
Barrister,0.0597067316994071,0.18627778440713882,0.19561264471873355,0.19746629061472046,0.8025337093852796,38823.0,117M
Judge,0.06197954248636961,0.14372119307518005,0.15651595773521906,0.25920051594236904,0.740799484057631,38823.0,117M
Solicitor,0.021377503871917725,0.06390886567533016,0.06738947086675523,0.2055008765506298,0.7944991234493702,48498.0,117M
Chartered Accountant,0.01962893456220627,0.024331089109182358,0.03126174929984482,0.43216232553815587,0.5678376744618441,40394.0,117M
Certified Accountant,0.022396177053451538,0.018290016800165176,0.0289156265911682,0.5640325703188627,0.43596742968113733,40394.0,117M
Management Consultant,0.02101237326860428,0.036696103401482105,0.04228621329974371,0.3310629915658605,0.6689370084341395,44276.0,117M
Business Analyst,0.01586046372540295,0.0272851986810565,0.031560043989981225,0.3352086014901843,0.6647913985098157,44276.0,117M
Financial Project Manager,0.018903226125985384,0.04009996820241213,0.0443321486937482,0.2804367566774207,0.7195632433225794,52249.0,117M
Financial PM,0.05269212834537029,0.11190062016248703,0.12368592960524724,0.28016623174024025,0.7198337682597598,52249.0,117M
Finance Project Manager,0.023786661215126514,0.05254166107624769,0.057675223453528865,0.2706357124474184,0.7293642875525816,52249.0,117M
Finance PM,0.11292014271020889,0.21689364314079285,0.24452773066582764,0.30558432627778775,0.6944156737222122,52249.0,117M
Actuary,0.06239633448421955,0.06280284561216831,0.08852965590158167,0.49793295681243366,0.5020670431875663,59452.0,117M
Economist,0.04444394260644913,0.1007096879184246,0.11008044910442463,0.26458031611160604,0.735419683888394,59452.0,117M
Statistician,0.007046726997941732,0.05013640131801367,0.050629192157335905,0.08889530539424641,0.9111046946057536,59452.0,117M
Business Researcher,0.010733271017670631,0.02347081108018756,0.02580856601015685,0.2730528633240869,0.726947136675913,33454.0,117M
Admin Assistant,0.04255473427474499,0.03387605119496584,0.05439202380641947,0.5719796035815903,0.4280203964184097,40186.0,117M
Administrative Assistant,0.03568685567006469,0.0167870013974607,0.039437990358718526,0.7200870252434949,0.2799129747565051,40186.0,117M
Architect,0.08014614600688219,0.189139261841774,0.20541924225789468,0.2551598567435478,0.7448401432564522,42857.0,117M
Town Planning Officer,0.007960187271237373,0.00838442798703909,0.011561280814123227,0.4834796111154083,0.5165203888845917,36577.0,117M
Quantity Surveyor,0.029376194812357426,0.054529779590666294,0.06193914500427191,0.31457958893757487,0.6854204110624251,45157.0,117M
Chartered Surveyor,0.008132454939186573,0.015668055042624474,0.017652896990483186,0.3047936463232907,0.6952063536767092,40092.0,117M
Chartered Architectural Technologist,0.016888411715626717,0.025738039053976536,0.030784169708155833,0.3696833483850575,0.6303166516149425,37364.0,117M
Construction PM,0.039678677916526794,0.08348145335912704,0.09243132875900668,0.2824634345146663,0.7175365654853336,41536.0,117M
Construction Project Manager,0.007178833708167076,0.025590578094124794,0.02657843751240873,0.17411347166466015,0.8258865283353398,41536.0,117M
Welfare Worker,0.04010241664946079,0.0794962402433157,0.08903850871364545,0.29743300128257993,0.7025669987174201,29015.0,117M
Social Worker,0.053514144383370876,0.05780927278101444,0.0787761110271001,0.47544983663031115,0.5245501633696888,31261.0,117M
Probation Officer,0.013411703519523144,0.03451481834053993,0.0370289950765081,0.23594486287043506,0.764055137129565,29060.0,117M
Clergyman,0.044944437220692635,0.20489075779914856,0.20976230611955557,0.137470342565848,0.862529657434152,23705.0,117M
Librarian,0.09803199768066406,0.07624569162726402,0.12419210144361663,0.5791725846648778,0.42082741533512225,25314.0,117M
Curator,0.07794113084673882,0.0833323635160923,0.11410128258195265,0.47872627677885277,0.5212737232211473,24048.0,117M
Archivist,0.05616887845098972,0.09510041773319244,0.11044922978214815,0.33963608385700766,0.6603639161429924,24048.0,117M
Regulatory Professional,0.006861600559204817,0.009610586799681187,0.011808680742076404,0.3947269031407908,0.6052730968592093,43431.0,117M
Quality Control Engineer,0.026283577550202608,0.061002436093986034,0.06642381845571936,0.2589925655680505,0.7410074344319495,37774.0,117M
Quality Assurance Engineer,0.022605162113904953,0.06490334961563349,0.06872727366573678,0.21336328978891195,0.786636710211088,47332.0,117M
QA Engineer,0.03131109615787864,0.05492617189884186,0.06322395987336642,0.3298404712152504,0.6701595287847496,47332.0,117M
Environmental Health Officer,0.007639853283762932,0.006880552042275667,0.010281505463884514,0.5332598364112617,0.46674016358873827,34944.0,117M
Journalist,0.037947097793221474,0.042337311431765556,0.056854464822022735,0.46522218947012406,0.5347778105298759,38289.0,117M
Newspaper Editor,0.04564486350864172,0.050941333174705505,0.06839936396150832,0.4651247928229343,0.5348752071770657,38289.0,117M
Periodical Editor,0.013841942884027958,0.009892521426081657,0.017013564087814667,0.6049719014355089,0.39502809856449106,38289.0,117M
Public Relations Officer,0.007294633891433477,0.0064189680851995945,0.009716729639588665,0.5405954876949692,0.45940451230503077,36372.0,117M
Advertising Account Manager,0.01706210896372795,0.023119233548641205,0.028733508699195488,0.4047501052307761,0.595249894769224,43389.0,117M
Creative Director,0.05147186666727066,0.08686519414186478,0.10096987180103353,0.340542344076709,0.659457655923291,43389.0,117M
Science Technician,0.043152312748134136,0.07793037593364716,0.08908010770465172,0.3219396969894024,0.6780603030105976,29024.0,117M
Laboratory Technician,0.03474147664383054,0.04694295674562454,0.058400439959091055,0.4056038903115263,0.5943961096884737,22270.0,117M
Lab Technician,0.049706979654729366,0.08016986772418022,0.09432916578295512,0.35333078479046215,0.6466692152095379,22270.0,117M
Electrical Technician,0.046605948358774185,0.08941462449729443,0.1008319864745949,0.3058895626709274,0.6941104373290726,33823.0,117M
Electronic Technician,0.04855759348720312,0.07542487606406212,0.08970368896844544,0.3641436543726403,0.6358563456273597,33823.0,117M
Engineering Technician,0.04792406223714352,0.0887549165636301,0.10086699636415544,0.3151916733703124,0.6848083266296876,35534.0,117M
Building Technician,0.025629671989008784,0.062010593712329865,0.06709838909258423,0.24950950187060042,0.7504904981293996,24869.0,117M
Civil Engineering Technician,0.020042192190885544,0.051110994070768356,0.05490012006105735,0.23790747214637972,0.7620925278536202,24869.0,117M
QA Technician,0.04251560941338539,0.05831634346395731,0.07216905818145185,0.4010441153837766,0.5989558846162234,29301.0,117M
Quality Assurance Technician,0.030070381704717875,0.06957876775413752,0.07579863308827962,0.2596990788337149,0.7403009211662851,29301.0,117M
Planning Technician,0.03404529532417655,0.043399407528340816,0.05515968371484198,0.4234769523791156,0.5765230476208845,31124.0,117M
Process Technician,0.031834904570132494,0.04294573608785868,0.05345837069269367,0.40609864035942966,0.5939013596405703,31124.0,117M
Production Technician,0.021341114304959774,0.04906023293733597,0.05350093097921777,0.2612106084924501,0.7387893915075499,31124.0,117M
Architectural Technician,0.04444459592923522,0.0756495501846075,0.0877392531906127,0.3381612104445936,0.6618387895554064,30000.0,117M
Town Planning Technician,0.016172965988516808,0.021773895714432,0.0271231886666867,0.40670894975986527,0.5932910502401347,30000.0,117M
Draughtsperson,0.08741012495011091,0.10922539606690407,0.1398953790865376,0.42965934775368203,0.5703406522463179,30991.0,117M
IT Technician,0.09421409759670496,0.1561145856976509,0.18234050579481959,0.3456744162031914,0.6543255837968086,32086.0,117M
IT Operations Technician,0.05761354882270098,0.09531397186219692,0.11137357963221535,0.3461256901929336,0.6538743098070664,32807.0,117M
IT User Support Technician,0.041169469710439444,0.06752328388392925,0.07908425319055931,0.3485665101247355,0.6514334898752645,31477.0,117M
Health Associate,0.006895957048982382,0.0,0.006895957048982382,1,0,26817.0,117M
Paramedic,0.011878322809934616,0.05861875228583813,0.059810138541266274,0.12727923789926565,0.8727207621007343,34497.0,117M
Dispenser,0.048068360425531864,0.07638251222670078,0.09024885289055441,0.35758512767050343,0.6424148723294966,23555.0,117M
Pharmaceutical Technician,0.03580411896109581,0.04584127012640238,0.05816663116755252,0.4221272957853186,0.5778727042146814,21115.0,117M
Medical Technician,0.02671279711648822,0.04629124514758587,0.0534457941011316,0.3331944253695189,0.6668055746304811,26187.0,117M
Dental Technician,0.020451901480555534,0.028744279872626066,0.03527766856761095,0.39369232598925485,0.6063076740107451,26187.0,117M
Youth Worker,0.03320974949747324,0.03612802270799875,0.0490726144246931,0.4732218882030309,0.5267781117969691,20456.0,117M
Community Worker,0.017210081219673157,0.02260596491396427,0.028411556544461453,0.4142475019458836,0.5857524980541164,20456.0,117M
Child Officer,0.021569351200014353,0.02874584775418043,0.0359382898076144,0.4098067528303429,0.5901932471696572,20555.0,117M
Early Years Officer,0.024452594574540854,0.03797850478440523,0.045169638111080275,0.3641733681306978,0.6358266318693022,20555.0,117M
Child and Early Years Officer,0.011560795828700066,0.017624100670218468,0.021077498063738112,0.36959420764184664,0.6304057923581534,20555.0,117M
Housing Officer,0.015071886591613293,0.018839459866285324,0.02412647950870222,0.42955999170315656,0.5704400082968435,24744.0,117M
Counsellor,0.05415451992303133,0.09077351354062557,0.10570024970927992,0.3424428458332633,0.6575571541667367,18385.0,117M
Police Officer,0.00976999569684267,0.05064583383500576,0.05157958220807279,0.1213189092054454,0.8786810907945546,40552.0,117M
Police Sergeant,0.031068135052919388,0.08861369453370571,0.09390216118162215,0.21467518154812806,0.785324818451872,40552.0,117M
Fire Service Officer,0.010212809778749943,0.04002855625003576,0.04131085570451437,0.15903312262971225,0.8409668773702877,29582.0,117M
Fire Officer,0.013361179269850254,0.05667066015303135,0.05822443502226064,0.14740325807744514,0.8525967419225549,29582.0,117M
Fire Watch Manager,0.007008502259850502,0.02231905609369278,0.02339357537529769,0.19370036876292362,0.8062996312370764,29582.0,117M
Prison Officer,0.026564748492091894,0.0851636715233326,0.08921063170823414,0.19248943089831996,0.8075105691016801,27488.0,117M
Prison Service Officer,0.022210227325558662,0.057368770241737366,0.06151804610764425,0.23515368886110435,0.7648463111388957,27488.0,117M
Police Community Support Officer,0.0,0.0,0.0,1,0,28860.0,117M
PCSO,0.11970305815339088,0.1003838088363409,0.15622333759001922,0.5557396818693062,0.4442603181306938,28860.0,117M
Artist,0.0459056650288403,0.10964478552341461,0.11886677026913654,0.2524211305691503,0.7475788694308497,26246.0,117M
Author,0.036918246652930975,0.04763827286660671,0.06026907978092851,0.41971801312903156,0.5802819868709684,29497.0,117M
Writer,0.06749636586755514,0.1123216450214386,0.13104163973962216,0.3444723978207232,0.6555276021792769,29497.0,117M
Translator,0.03578357398509979,0.06097695231437683,0.0707011519050213,0.33784463519005725,0.6621553648099427,29497.0,117M
Musician,0.06583669222891331,0.1842144876718521,0.19562578437375683,0.2185161970363897,0.7814838029636103,23059.0,117M
Art Director,0.05659118387848139,0.09852080792188644,0.11361739165440005,0.3319269255143674,0.6680730744856326,40300.0,117M
Artistic Director,0.05234211590141058,0.10118902288377285,0.11392504311699603,0.30390223081192463,0.6960977691880754,40300.0,117M
Photographer,0.02329293079674244,0.04824419505894184,0.05357296876211977,0.28635400448356346,0.7136459955164365,28525.0,117M
Camera Operator,0.026012143585830927,0.04931863397359848,0.05575804220874032,0.3089836012281578,0.6910163987718422,28525.0,117M
Graphic Designer,0.02169942995533347,0.04034974332898855,0.04581448512317561,0.3141181633598326,0.6858818366401673,26540.0,117M
Product Designer,0.040787954814732075,0.062279763631522655,0.07444747286487942,0.369126587232329,0.630873412767671,31474.0,117M
Clothing Designer,0.06575684435665607,0.06672131642699242,0.09367868832075063,0.49536534068071497,0.504634659319285,31474.0,117M
Fitness Coach,0.04061134532094002,0.08028791472315788,0.0899746109709273,0.2981251403015138,0.7018748596984862,12766.0,117M
Sports Coach,0.05922359507530928,0.1799609512090683,0.1894554780778768,0.20239921078135578,0.7976007892186442,12766.0,117M
Fitness Instructor,0.06334100104868412,0.10113928467035294,0.11933665538081789,0.3561987017197891,0.6438012982802108,10031.0,117M
Personal Trainer,0.018433353397995234,0.030207999981939793,0.035388017469254435,0.3488015406276447,0.6511984593723553,10031.0,117M
Air Traffic Controller,0.02996817883104086,0.0469090323895216,0.05566461229695606,0.36191969717261935,0.6380803028273807,94715.0,117M
Pilot,0.03630715049803257,0.09419690072536469,0.10095179683171071,0.2342067066624432,0.7657932933375569,77841.0,117M
Ship Officer,0.03207413665950298,0.08005458489060402,0.08624086504934536,0.2425963609135924,0.7574036390864076,44858.0,117M
Legal Associate,0.014157911529764533,0.01775853242725134,0.022711493408720987,0.42848277004728064,0.5715172299527194,32756.0,117M
Insurance Underwriter,0.01643703645095229,0.022906053811311722,0.028193323119076307,0.39625164001893765,0.6037483599810624,42456.0,117M
Underwriter,0.08965433016419411,0.08263081684708595,0.121925185298227,0.5259385849061369,0.4740614150938631,42456.0,117M
Financial Analyst,0.024539583828300238,0.047817095182836056,0.053746309326227946,0.301852810082357,0.698147189917643,48237.0,117M
Investment Analyst,0.018419060856103897,0.03713508881628513,0.04145210035950222,0.29312757582795856,0.7068724241720414,48237.0,117M
Investment Advisor,0.016974028199911118,0.02864146512001753,0.03329341012201301,0.3405844960979121,0.6594155039020879,48237.0,117M
Financial Advisor,0.022356681991368532,0.031336420215666294,0.0384940574841884,0.39450679166920277,0.6054932083307972,48237.0,117M
Tax Expert,0.011374933645129204,0.03164482116699219,0.03362712925781815,0.21968110266438928,0.7803188973356108,50214.0,117M
Importer,0.0448584146797657,0.07410061359405518,0.08662088837340157,0.3465502905878786,0.6534497094121214,24403.0,117M
Exporter,0.03273677220568061,0.06650872714817524,0.07412898921013994,0.29119141372242163,0.7088085862775784,24403.0,117M
Financial Accounts Manager,0.024372070794925094,0.031623199582099915,0.039925237465069194,0.41801690917785683,0.5819830908221432,45736.0,117M
Buyer,0.02526644989848137,0.05711771361529827,0.06245659852338821,0.26513958580752767,0.7348604141924724,32537.0,117M
Procurement Officer,0.0122497184202075,0.02005504397675395,0.02350022106883052,0.34907542607866365,0.6509245739213363,32537.0,117M
Sales Executive,0.040064206812530756,0.11253880336880684,0.11945761981221711,0.21773229991139276,0.7822677000886072,36466.0,117M
Sales Exec,0.03520412556827068,0.14448247104883194,0.1487094983429207,0.15215191440940132,0.8478480855905987,36466.0,117M
Marketing Associate,0.025292955338954926,0.027211482636630535,0.03715102121156313,0.47674807493423454,0.5232519250657655,33173.0,117M
Estate Agent,0.01694454625248909,0.029400683008134365,0.03393402140989987,0.33284679816426394,0.667153201835736,23733.0,117M
Auctioner,0.028240340296179056,0.10134310647845268,0.1052042872260774,0.1730118209534672,0.8269881790465328,23733.0,117M
Business Development Manager,0.01234439667314291,0.03166215494275093,0.033983469287915104,0.23666384446644506,0.7633361555335549,52209.0,117M
Conference Manager,0.04041416058316827,0.0935133695602417,0.10187273758053451,0.25969782370326305,0.740302176296737,24442.0,117M
Exhibition Manager,0.030948469415307045,0.046838901937007904,0.05613991889747293,0.3717160954472586,0.6282839045527414,24442.0,117M
Conservation Manager,0.01952400035224855,0.03665770869702101,0.04153280867784228,0.3115543592853384,0.6884456407146615,22639.0,117M
Environmental Manager,0.018762563820928335,0.03186952043324709,0.0369824300686091,0.3387402946526983,0.6612597053473017,22639.0,117M
Public Services Associate,0.02679808670654893,0.017720703966915607,0.03212725945695918,0.6280514583484079,0.3719485416515921,34018.0,117M
HR Officer,0.0340098743326962,0.06921355240046978,0.07711800949206589,0.2907599038568877,0.7092400961431122,30627.0,117M
Human Resources Officer,0.010533216409385204,0.011281274259090424,0.015434241051498383,0.4781777220041859,0.5218222779958142,30627.0,117M
Industrial Relations Officer,0.012663546949625015,0.0264994278550148,0.029369799079811413,0.2838022583906845,0.7161977416093155,30627.0,117M
Vocational Trainer,0.024225200060755014,0.03943999297916889,0.04628577928673661,0.35066073164635403,0.649339268353646,27690.0,117M
Vocational Instructor,0.03120502643287182,0.047419033013284206,0.056765468082199115,0.37053001316638334,0.6294699868336167,27690.0,117M
Industrial Trainer,0.04752215929329395,0.1296388991177082,0.13807461674163188,0.22368430932881353,0.7763156906711864,27690.0,117M
Industrial Instructor,0.07165855448693037,0.13425599038600922,0.1521828485266476,0.3121208598281456,0.6878791401718545,27690.0,117M
Careers Advisor,0.008856713771820068,0.006171518471091986,0.010794860771449385,0.6125613120506598,0.3874386879493402,23915.0,117M
Standards Inspector,0.03776493854820728,0.038679965771734715,0.05405858244212885,0.4923801774638101,0.5076198225361899,31569.0,117M
Regulatory Inspector,0.012546147219836712,0.020343363285064697,0.023901009179738305,0.3518104542361607,0.6481895457638394,31569.0,117M
Health and Safety Officer,0.0042281439527869225,0.0071693286299705505,0.00832324902246737,0.33922411642783595,0.660775883572164,36393.0,117M
Administrator,0.049304654356092215,0.08311434648931026,0.0966382094904435,0.34085602416206207,0.6591439758379379,20222.0,117M
NGO Officer,0.026910114102065563,0.03789445664733648,0.0464773502427048,0.39310919859945476,0.6068908014005452,19214.0,117M
Credit Controller,0.018198437988758087,0.023717758245766163,0.029895069851654174,0.41665250888692856,0.5833474911130714,22241.0,117M
Payroll Manager,0.027207070495933294,0.03758770599961281,0.04640108110037968,0.39886787358523274,0.6011321264147673,21649.0,117M
Book-keeper,0.08647170476615429,0.2118297517299652,0.22879947430696523,0.24673257643093907,0.753267423569061,21649.0,117M
Wage Clerk,0.07653146609663963,0.07348704151809216,0.10610094520777325,0.5129175720749419,0.48708242792505807,21649.0,117M
Bank Clerk,0.08664984256029129,0.12474464625120163,0.15188621393681753,0.38649476614882694,0.6135052338511731,20642.0,117M
Post Office Clerk,0.08652725629508495,0.09547482058405876,0.12885032963680584,0.4687277527037238,0.5312722472962762,20642.0,117M
Financial Officer,0.016989832744002342,0.035127402283251286,0.03902036401468523,0.2867927401664171,0.7132072598335829,26748.0,117M
Records Clerk,0.06099603325128555,0.09393672086298466,0.11200278388898299,0.36663240854121854,0.6333675914587815,20102.0,117M
Records Assistant,0.028010614681988955,0.0190304946154356,0.033863760278075715,0.6200855092758355,0.3799144907241645,20102.0,117M
Pensions Clerk,0.1173730418086052,0.09803863428533077,0.1529313727001017,0.5569874949765968,0.44301250502340317,22200.0,117M
Pensions Assistant,0.0453080115839839,0.02152060717344284,0.050159270796215315,0.7177000269114704,0.2822999730885296,22200.0,117M
Insurance Clerk,0.05231127981096506,0.06244468875229359,0.0814604759919306,0.4439293761345515,0.5560706238654485,22200.0,117M
Insurance Assistant,0.024775678757578135,0.015374337788671255,0.029158266758140365,0.6464297794314268,0.35357022056857323,22200.0,117M
Stock Control Clerk,0.0554577587172389,0.05504249408841133,0.07813602982883303,0.5023924327975696,0.4976075672024304,21576.0,117M
Stock Control Assistant,0.018059500260278583,0.0138054508715868,0.02273182842225409,0.5844907131519971,0.4155092868480029,21576.0,117M
Transport Clerk,0.06049815658479929,0.07095560990273952,0.09324551210020052,0.44946184637734893,0.550538153622651,25230.0,117M
Transport Assistant,0.02050680946558714,0.014714765828102827,0.02523992012336404,0.6037608462219385,0.3962391537780615,25230.0,117M
Distribution Clerk,0.05033407360315323,0.0805207546800375,0.09495846934176239,0.35566427217115254,0.6443357278288475,25230.0,117M
Distribution Assistant,0.015187444165349007,0.014217087998986244,0.020803462486963853,0.5210009742428807,0.4789990257571193,25230.0,117M
Library Clerk,0.08298252522945404,0.11023354157805443,0.1379765675116526,0.41080008329623297,0.589199916703767,12825.0,117M
Library Assistant,0.04027767851948738,0.029725253582000732,0.05005878631602471,0.5952485934599088,0.40475140654009123,12825.0,117M
HR Administrator,0.06748261954635382,0.10006120800971985,0.12069030321116256,0.37773615767980095,0.622263842320199,17522.0,117M
Human Resources Administrator,0.045297646895051,0.04476458765566349,0.06368473225358103,0.5037679732313379,0.49623202676866207,17522.0,117M
Sales Administrator,0.02591264806687832,0.05385387875139713,0.059763748095380334,0.2855030182655095,0.7144969817344905,20940.0,117M
Office Manger,0.010541455820202827,0.029897752217948437,0.03170170150788643,0.21579791514464952,0.7842020848553505,31123.0,117M
Office Supervisor,0.05750469211488962,0.06204520910978317,0.08459549390307364,0.4758327343569636,0.5241672656430364,26110.0,117M
Secretary,0.1087485533207655,0.14603224396705627,0.18207598448838117,0.4074959642848966,0.5925040357151035,16919.0,117M
PA,0.10576644912362099,0.10104119777679443,0.1462732559574333,0.5145432974330727,0.4854567025669273,19912.0,117M
Personal Assistant,0.006146214436739683,0.0028420984745025635,0.006771519448481049,0.7242610655431965,0.27573893445680353,19912.0,117M
Receptionist,0.03518047463148832,0.04787890799343586,0.059414271231251245,0.40341899887753124,0.5965810011224688,13607.0,117M
Typist,0.0560132535174489,0.0944755058735609,0.10983217096859754,0.34070144532417646,0.6592985546758235,19082.0,117M
Stenographer,0.06740920525044203,0.08537224307656288,0.10877693156372797,0.4254924962358691,0.574507503764131,19082.0,117M
Farmer,0.1070211548358202,0.30088020116090775,0.31934686945862006,0.21755717790456874,0.7824428220954313,25976.0,117M
Gardener,0.07707454729825258,0.15919452533125877,0.17687109073185298,0.287045510008752,0.712954489991248,19428.0,117M
Landscaper,0.06251598056405783,0.10474250838160515,0.12198049388306427,0.34256702344535583,0.6574329765546442,19428.0,117M
Groundsman,0.08721671439707279,0.29018836468458176,0.30301162068233023,0.18586954970682454,0.8141304502931754,20495.0,117M
Greenkeeper,0.06776726245880127,0.07957416400313377,0.10452009107323666,0.44909456013518434,0.5509054398648157,20495.0,117M
Moulder,0.12243384309113026,0.12409759312868118,0.1743280199921837,0.49570375240114656,0.5042962475988535,24028.0,117M
Core Maker,0.06927100475877523,0.08895603567361832,0.11274594619344996,0.42120298653506444,0.5787970134649356,24028.0,117M
Die Caster,0.020416230894625187,0.02539448719471693,0.03258377608297249,0.4310888646908253,0.5689111353091747,24028.0,117M
Sheet Metal Worker,0.06639055442065,0.07151317782700062,0.09757991760192003,0.4763627527765854,0.5236372472234145,28402.0,117M
Metal Plate Worker,0.03945862781256437,0.09295390732586384,0.10098223703204322,0.25556736538580055,0.7444326346141994,30379.0,117M
Riveter,0.019519314169883728,0.04563802666962147,0.049637013447222066,0.2572924615819939,0.7427075384180061,30379.0,117M
Welder,0.04763089306652546,0.14216135442256927,0.14992849184052423,0.20581475321814935,0.7941852467818507,28585.0,117M
Piper,0.13932590931653976,0.15270328521728516,0.20671236615895092,0.4708578704965896,0.5291421295034104,39318.0,117M
Pipe Fitter,0.05052033253014088,0.09559841826558113,0.10812659975157365,0.30949826802070846,0.6905017319792915,39318.0,117M
Instrument Maker,0.11127532087266445,0.17945178225636482,0.21115193390139764,0.3533602434169461,0.646639756583054,32178.0,117M
Metal Maching Setter,0.01460677944123745,0.05197997763752937,0.05399329662877616,0.1743975277529648,0.8256024722470352,28566.0,117M
Tool Maker,0.026966974139213562,0.05907011218369007,0.06493455049215897,0.2726430667072782,0.7273569332927218,31494.0,117M
Tool Fitter,0.040443308651447296,0.09519815631210804,0.10343282931400836,0.25574868960686825,0.7442513103931317,31494.0,117M
Air-Conditioning Engineer,0.01993688358925283,0.07035719603300095,0.07312738447994392,0.17578846076217516,0.8242115392378249,34372.0,117M
AC Engineer,0.07784147001802921,0.09398221410810947,0.12203258181006527,0.4403723002199422,0.5596276997800578,34372.0,117M
Refrigeration Engineer,0.012275553308427334,0.0395946241915226,0.04145387163940116,0.19138940617822528,0.8086105938217747,34372.0,117M
Car Mechanic,0.007362950127571821,0.025442752987146378,0.026486727131641914,0.1793340435713478,0.8206659564286523,27951.0,117M
Car Electrical Mechanic,0.007420910056680441,0.033449144102633,0.03426244514432747,0.13898708821819605,0.861012911781804,27951.0,117M
Vehicle Bodyworker,0.07050834689289331,0.0455122459679842,0.083921341234628,0.6350918773225843,0.3649081226774157,27304.0,117M
Car Paint Technician,0.028667832259088755,0.04680777154862881,0.054889088931989696,0.34984170367217143,0.6501582963278285,25728.0,117M
Vechile Paint Technician,0.05582588352262974,0.06547282077372074,0.08604196378018102,0.4494757047322842,0.5505242952677158,25728.0,117M
,0.09368906170129776,0.12717751786112785,0.1579612652892698,0.4042034513398186,0.5957965486601814,25728.0,117M
Ship builder,0.07818015571683645,0.21606963127851486,0.22977863762487183,0.22101743308093633,0.7789825669190636,32240.0,117M
Boat builder,0.078359454870224,0.19783081859350204,0.21278448475613485,0.24009094328812358,0.7599090567118765,32240.0,117M
Electrician,0.09466531500220299,0.20013754814863205,0.22139683837718263,0.2812689869944986,0.7187310130055014,32241.0,117M
Telephone Technician,0.043694873340427876,0.05183897912502289,0.06779765270981432,0.44586009506956675,0.5541399049304332,35178.0,117M
TV engineer,0.11928863916546106,0.13546805828809738,0.1805031142398793,0.4596229526430331,0.5403770473569669,31730.0,117M
Audio Engineer,0.027223105542361736,0.047541274689137936,0.05478385048934251,0.3310703801695885,0.6689296198304115,31730.0,117M
IT Engineer,0.09392117895185947,0.14914380759000778,0.17625283883714463,0.357778727711637,0.642221272288363,29960.0,117M
Steel Erector,0.02689519850537181,0.02907669823616743,0.039608156773075116,0.4752003527796378,0.5247996472203622,26713.0,117M
Bricklayer,0.07682021427899599,0.1133514754474163,0.13693028265499593,0.37917953576843527,0.6208204642315647,24807.0,117M
Mason,0.08383760787546635,0.2935905456542969,0.3053263057646167,0.17708003624562219,0.8229199637543778,24807.0,117M
Roofer,0.0,0.0,0.0,1,0,24901.0,117M
Tiler,0.058992503210902214,0.10108531266450882,0.1170399755278931,0.3363051258853059,0.6636948741146941,24901.0,117M
Slater,0.14095900394022465,0.20176288485527039,0.2461253796278258,0.3882174670829571,0.6117825329170429,24901.0,117M
Plumber,0.08748733624815941,0.23819151520729065,0.2537503338333636,0.22409108248426804,0.775908917515732,30432.0,117M
Carpenter,0.1078253909945488,0.2226201742887497,0.24735815519905668,0.2871453713622177,0.7128546286377824,27587.0,117M
Joiner,0.07382242195308208,0.1066938117146492,0.12974328283660744,0.3853301486744082,0.6146698513255918,27587.0,117M
Glazer,0.03265902306884527,0.05749671906232834,0.06612476457987339,0.32885825617522785,0.6711417438247722,21492.0,117M
Plasterer,0.07772389985620975,0.19578207284212112,0.2106457325824944,0.24058530468240322,0.7594146953175968,25534.0,117M
Floorer,0.08113931305706501,0.13234954699873924,0.15524171705486864,0.3501237994134804,0.6498762005865196,27022.0,117M
Tiler,0.058992503210902214,0.10108531266450882,0.1170399755278931,0.3363051258853059,0.6636948741146941,27022.0,117M
Painter,0.11029229313135147,0.22753006219863892,0.25285236626990154,0.28734661802665207,0.7126533819733479,24669.0,117M
Decorator,0.005610572174191475,0.009017683565616608,0.01062059965404042,0.3543201991543366,0.6456798008456635,24669.0,117M
Construction Supervisor,0.025516567518934608,0.0486772321164608,0.05495969563660402,0.30737215135308954,0.6926278486469104,37249.0,117M
Weaver,0.14921967312693596,0.1725313663482666,0.22810870922020798,0.4539557098970902,0.5460442901029098,22504.0,117M
Knitter,0.07783623039722443,0.1362796239554882,0.15694143706459132,0.3303654087512465,0.6696345912487536,22504.0,117M
Upholsterer,0.087787133641541,0.23829641193151474,0.25395228050252266,0.22470588499305633,0.7752941150069437,22908.0,117M
Leather Worker,0.056066653691232204,0.10440679267048836,0.11850843012997389,0.3137320691662788,0.6862679308337212,20822.0,117M
Butcher,0.10012695752084255,0.16868839412927628,0.19616620997586373,0.341019356244183,0.658980643755817,21351.0,117M
Baker,0.1684631071984768,0.2555113881826401,0.3060488326688819,0.37108400087854304,0.628915999121457,19460.0,117M
Chef,0.09277065377682447,0.14964772388339043,0.17607054116364526,0.35328765024808145,0.6467123497519185,19319.0,117M
Cook,0.07980120927095413,0.14790115877985954,0.16805649576714327,0.3149935795854026,0.6850064204145974,12210.0,117M
Caterer,0.07012943737208843,0.19409875571727753,0.20637941989723937,0.22072438198730618,0.7792756180126938,19346.0,117M
Bar Manager,0.05918183922767639,0.17293204367160797,0.18277850481610103,0.2099142151213604,0.7900857848786396,19346.0,117M
Glass Maker,0.06263819243758917,0.11908555775880814,0.1345544990647837,0.30826738393856995,0.6917326160614301,21155.0,117M
Ceramics Maker,0.11057336628437042,0.22107594460248947,0.2471862508582153,0.2952487677046556,0.7047512322953444,21155.0,117M
Furniture Maker,0.053768863901495934,0.151775524020195,0.1610183232332966,0.21674989645839718,0.7832501035416028,22927.0,117M
Woodworker,0.05817715171724558,0.11153914779424667,0.12579969186209564,0.30606524234654037,0.6939347576534596,22927.0,117M
Florist,0.033395037055015564,0.038489703088998795,0.05095768581661795,0.45495635065371665,0.5450436493462834,11356.0,117M
Nursery Nurse,0.08007492870092392,0.04347346909344196,0.09111496431144833,0.6833558672346435,0.3166441327653565,13123.0,117M
Nursery Assistant,0.04944075085222721,0.017231552861630917,0.05235756162060248,0.7865006052475207,0.21349939475247925,13123.0,117M
Childminder,0.03811940271407366,0.05234789475798607,0.0647563969725842,0.4006874234059782,0.5993125765940218,15563.0,117M
Playworker,0.04416476096957922,0.053023263812065125,0.0690071925003758,0.4421332220160413,0.5578667779839587,7237.0,117M
Teaching Assitant,0.039154721423983574,0.059783436357975006,0.07146433706792366,0.3691388754246758,0.6308611245753242,12926.0,117M
Education Support Assistant,0.02195896115154028,0.009996715933084488,0.024127376656023762,0.7280313048139574,0.2719686951860426,12280.0,117M
Animal Carer,0.00830016564577818,0.03109712526202202,0.032185772467182516,0.1660498632553036,0.8339501367446964,16909.0,117M
Vetinary Nurse,0.051921021193265915,0.03740009572356939,0.06398874590022625,0.6025976489479572,0.3974023510520428,17880.0,117M
Vet,0.047194323502480984,0.10508448258042336,0.1151957145472527,0.26872498595078154,0.7312750140492185,17880.0,117M
Pest Controller,0.023824568837881088,0.030471304431557655,0.038679587304825264,0.42245278050204893,0.5775472194979511,22493.0,117M
Nursing Assistant,0.04586167633533478,0.018135609105229378,0.04931727561316303,0.7602678053589046,0.2397321946410954,16747.0,117M
Dental Nurse,0.04804954957216978,0.027112501673400402,0.05517106996496027,0.6729516034731142,0.3270483965268858,15130.0,117M
Homemaker,0.12111947312951088,0.15916722267866135,0.20001032859932227,0.4141065385139277,0.5858934614860722,20716.0,117M
Care Worker,0.013749693520367146,0.023452945984899998,0.027186297049702508,0.33757442679598076,0.6624255732040192,14258.0,117M
Home Carer,0.02690119342878461,0.04143190383911133,0.04939915853156056,0.3666126309748855,0.6333873690251145,14258.0,117M
Senior Care Worker,0.01250699907541275,0.015280174557119608,0.019746107473839515,0.4366746781368578,0.5633253218631422,18026.0,117M
Undertaker,0.09439638908952475,0.3687899708747864,0.38067928876019347,0.15952575630325247,0.8404742436967475,18684.0,117M
Sports Assistant,0.0398638010956347,0.0391848087310791,0.05589787002277975,0.5054681459320085,0.4945318540679915,12169.0,117M
Travel Agent,0.02076513576321304,0.028569985181093216,0.0353190446715728,0.4001141291730087,0.5998858708269913,19168.0,117M
Hairdresser,0.13787837699055672,0.14307113364338875,0.19869523427489266,0.48823477148056743,0.5117652285194325,11570.0,117M
Barber,0.1228299830108881,0.23877976089715958,0.26851997866184885,0.30246230436409605,0.697537695635904,11570.0,117M
Beautician,0.1574169620871544,0.14884719997644424,0.21664622981620563,0.5178089945551023,0.4821910054448977,12488.0,117M
Caretaker,0.02237319527193904,0.04943884164094925,0.054265633042241135,0.27054211799420974,0.7294578820057902,17270.0,117M
Cleaner,0.03509230399504304,0.047325948253273964,0.05891701942352548,0.40618914859316274,0.5938108514068372,15616.0,117M
Customer Service Representative,0.01209996733814478,0.01635595364496112,0.020345181965769864,0.4054850830791041,0.5945149169208959,15080.0,117M
Retail Assistant,0.04069224372506142,0.01682198466733098,0.044032236685498036,0.7504447317429067,0.2495552682570933,12434.0,117M
Cashier,0.03763892315328121,0.08307215571403503,0.091201269679295,0.27082963976935914,0.7291703602306409,10580.0,117M
Tele-sales Person,0.04184301337227225,0.06857761926949024,0.08033509589677051,0.348774278100047,0.651225721899953,20201.0,117M
Telephone salesperson,0.07367646042257547,0.08726470731198788,0.11420748645621372,0.4463774287453193,0.5536225712546807,20201.0,117M
Dispenser,0.048068360425531864,0.07638251222670078,0.09024885289055441,0.35758512767050343,0.6424148723294966,12698.0,117M
Credit Agent,0.016126681119203568,0.033870333805680275,0.037513588951587726,0.28289465765078026,0.7171053423492197,15073.0,117M
Debt Collector,0.040354542434215546,0.10655083134770393,0.11393668748898114,0.2304826324973836,0.7695173675026163,19077.0,117M
Roundsperson,0.06081429962068796,0.1610594354569912,0.17215841770903775,0.229844374253858,0.7701556257461419,21757.0,117M
Merchandiser,0.05458525288850069,0.1457786001265049,0.15566293742488924,0.22808756083367898,0.771912439166321,18531.0,117M
Telephonist,0.04039580561220646,0.059858258813619614,0.07221379549128713,0.3779305292563197,0.6220694707436802,15728.0,117M
Communication Officer,0.024500223342329264,0.025888340547680855,0.03564361261343626,0.48246666815800543,0.5175333318419946,25636.0,117M
Market Research Inverviewer,0.0,0.0,0.0,1,0,9561.0,117M
Customer Service Manager,0.013711782172322273,0.025525933131575584,0.028975614446960105,0.31381541267090524,0.6861845873290948,29161.0,117M
Plant Operator,0.031984067521989346,0.07558068446815014,0.08206960728506775,0.25485558255864466,0.7451444174413553,24975.0,117M
Electroplater,0.012478704564273357,0.01816478604450822,0.022038092468387033,0.3831998489410707,0.6168001510589294,23948.0,117M
Sewing Machinist,0.07268829923123121,0.08990049734711647,0.11561006992640348,0.4328553706565485,0.5671446293434514,15969.0,117M
Scaffolder,0.0502578429877758,0.05934275686740875,0.07776511797977494,0.44735025328780115,0.5526497467121989,35163.0,117M
Stager,0.009516486898064613,0.02314642444252968,0.02502639581231726,0.2483295987793576,0.7516704012206424,35163.0,117M
Rigger,0.06206410378217697,0.16890187561511993,0.17994387059466704,0.2241798637687171,0.7758201362312829,35163.0,117M
Road Constructor,0.029744872357696295,0.056014470756053925,0.06342222296369361,0.3107694476090379,0.6892305523909621,29881.0,117M
Driver,0.02580761071294546,0.06622147001326084,0.07107260978343304,0.236574352934862,0.7634256470651379,23935.0,117M
Haulier,0.01926773088052869,0.059842927381396294,0.06286828620902234,0.19830101079353324,0.8016989892064668,28977.0,117M
Van Driver,0.01890803501009941,0.046627020463347435,0.050314936402946646,0.24525972751146105,0.7547402724885389,20546.0,117M
Bus Driver,0.02484411932528019,0.06743309274315834,0.07186412360807133,0.22472355569847144,0.7752764443015285,24270.0,117M
Coach Driver,0.029365649912506342,0.08541734889149666,0.09032422092902628,0.21080521267503866,0.7891947873249614,24270.0,117M
Taxi Driver,0.042507405392825603,0.09210874512791634,0.10144407544193731,0.27525470661857543,0.7247452933814246,18670.0,117M
Cab Driver,0.04534934926778078,0.13640013709664345,0.14374129844618178,0.2043396460565213,0.7956603539434787,18670.0,117M
Chauffeur,0.13667066767811775,0.236345075070858,0.2730162374545368,0.3337710886557412,0.6662289113442588,18670.0,117M
Driving Instructor,0.02655861573293805,0.044574933126568794,0.05188723092330082,0.34208124032268267,0.6579187596773173,24180.0,117M
Crane Driver,0.02213873900473118,0.06899937614798546,0.07246404400480827,0.1976561783334414,0.8023438216665586,40387.0,117M
Fork-lift Driver,0.010826637968420982,0.05957775376737118,0.06055348737822427,0.11443953222003411,0.8855604677799659,23828.0,117M
Train Driver,0.026598640717566013,0.08320088684558868,0.0873491571791887,0.19698501728801435,0.8030149827119857,53114.0,117M
Tram Driver,0.006804616656154394,0.016313929576426744,0.017676173399857366,0.25156940338277384,0.7484305966172262,53114.0,117M
Air Transport Officer,0.029015379957854748,0.050208088010549545,0.0579891746429777,0.3335969446503567,0.6664030553496433,24208.0,117M
Rail Transport Officer,0.02023452310822904,0.027653218246996403,0.03426567385640431,0.40215365960963895,0.5978463403903611,31755.0,117M
Farmer,0.1070211548358202,0.30088020116090775,0.31934686945862006,0.21755717790456874,0.7824428220954313,18948.0,117M
Forestry Worker,0.0057098413817584515,0.02227822970598936,0.02299830009886966,0.15972556290833342,0.8402744370916666,20980.0,117M
Packer,0.051123546436429024,0.1529027856886387,0.16122307177195044,0.20541696662888126,0.7945830333711188,18840.0,117M
Bottler,0.03772893827408552,0.08146253973245621,0.08977537615043314,0.276121781583302,0.7238782184166981,18840.0,117M
Canner,0.04128671903163195,0.09359895437955856,0.10230032956615343,0.2644709854194683,0.7355290145805318,18840.0,117M
Postal Worker,0.04635194968432188,0.07844476215541363,0.09111577223048335,0.3397585200078273,0.6602414799921728,23769.0,117M
Mail Sorter,0.015611900016665459,0.029101711697876453,0.03302485497131938,0.3134641326437367,0.6865358673562634,23769.0,117M
Window Cleaner,0.0,0.0,0.0,1,0,18455.0,117M
Street Cleaner,0.01853502565063536,0.03329187072813511,0.03810375089736665,0.32340644469365704,0.6765935553063429,18007.0,117M
Dry Cleaner,0.0,0.0,0.0,1,0,12947.0,117M
Launderer,0.09668359532952309,0.21369639784097672,0.23455035292246307,0.2704847843552246,0.7295152156447754,12947.0,117M
Refuse Collector,0.025784196332097054,0.04555199481546879,0.05234318496385774,0.3279060509981955,0.6720939490018045,20332.0,117M
Valet,0.07493683509528637,0.14122113958001137,0.1598716345021067,0.3105774703559246,0.6894225296440755,15620.0,117M
Security Guard,0.013445918448269367,0.045753421261906624,0.0476882404800911,0.18196550711150125,0.8180344928884987,22226.0,117M
Parking Enforcement Officer,0.0,0.012397004291415215,0.012397004291415215,0.0,1.0,17138.0,117M
Shelf filler,0.004542187787592411,0.0,0.004542187787592411,1,0,11783.0,117M
Shelf Stacker,0.0,0.0,0.0,1,0,11783.0,117M
Hospital Porter,0.026388679165393114,0.058050619438290596,0.06376705109430178,0.27161798359522965,0.7283820164047703,17784.0,117M
Catering Assistant,0.03455766011029482,0.0310343774035573,0.04644743753023507,0.534163261326126,0.465836738673874,10332.0,117M
Kitchen Assistant,0.06769556738436222,0.0289843687787652,0.0736395510374295,0.7424605104930827,0.2575394895069173,10332.0,117M
Waiter,0.0569557324051857,0.08823973499238491,0.10502478890879732,0.3648984449677903,0.6351015550322097,8201.0,117M
Waitress,0.1666122004389763,0.1034758910536766,0.19612976664563175,0.646192312155061,0.353807687844939,8201.0,117M
Bar Staff,0.009511768817901611,0.02316255308687687,0.025039520992774494,0.24806272423450323,0.7519372757654967,8378.0,117M
Theme Park Attendant,0.02768248924985528,0.049861205741763115,0.057030343231395546,0.3226515268870132,0.6773484731129868,5978.0,117M
